order_id;date;item_name;item_type;item_price;quantity;transaction_amount;transaction_type;received_by;time_of_sale
1;03/07/2022;Aalopuri;Fastfood;20;13;260;;Mr.;Night
2;23/08/2022;Vadapav;Fastfood;20;15;300;Cash;Mr.;Afternoon
3;20/11/2022;Vadapav;Fastfood;20;1;20;Cash;Mr.;Afternoon
4;03/02/2023;Sugarcane juice;Beverages;25;6;150;Online;Mr.;Night
5;02/10/2022;Sugarcane juice;Beverages;25;8;200;Online;Mr.;Evening
6;14/11/2022;Vadapav;Fastfood;20;10;200;Cash;Mr.;Evening
7;03/05/2022;Sugarcane juice;Beverages;25;9;225;Cash;Mr.;Evening
8;22/12/2022;Panipuri;Fastfood;20;14;280;Online;Mr.;Night
9;10/06/2022;Panipuri;Fastfood;20;1;20;Cash;Mrs.;Morning
10;16/09/2022;Panipuri;Fastfood;20;5;100;Online;Mr.;Afternoon
11;01/12/2022;Frankie;Fastfood;50;8;400;Online;Mrs.;Afternoon
12;12/07/2022;Vadapav;Fastfood;20;8;160;Online;Mrs.;Night
13;22/12/2022;Panipuri;Fastfood;20;9;180;Online;Mrs.;Afternoon
14;25/11/2022;Frankie;Fastfood;50;4;200;Online;Mr.;Morning
15;03/02/2023;Aalopuri;Fastfood;20;3;60;Cash;Mrs.;Evening
16;14/04/2022;Sandwich;Fastfood;60;11;660;;Mrs.;Midnight
17;16/10/2022;Panipuri;Fastfood;20;11;220;Cash;Mrs.;Morning
18;05/11/2022;Panipuri;Fastfood;20;10;200;Cash;Mrs.;Night
19;22/08/2022;Panipuri;Fastfood;20;11;220;Cash;Mrs.;Night
20;15/09/2022;Cold coffee;Beverages;40;10;400;Online;Mr.;Night
21;21/12/2022;Cold coffee;Beverages;40;15;600;Cash;Mr.;Evening
22;04/10/2022;Sugarcane juice;Beverages;25;12;300;Online;Mr.;Evening
23;26/05/2022;Sandwich;Fastfood;60;3;180;Online;Mr.;Midnight
24;11/02/2023;Sugarcane juice;Beverages;25;10;250;Online;Mr.;Afternoon
25;31/08/2022;Sandwich;Fastfood;60;1;60;Online;Mrs.;Evening
26;18/08/2022;Sugarcane juice;Beverages;25;4;100;Cash;Mr.;Afternoon
27;12/10/2022;Cold coffee;Beverages;40;11;440;Online;Mrs.;Afternoon
28;06/01/2023;Cold coffee;Beverages;40;10;400;Online;Mrs.;Afternoon
29;10/02/2023;Sugarcane juice;Beverages;25;9;225;Online;Mr.;Afternoon
30;28/01/2023;Frankie;Fastfood;50;2;100;Cash;Mrs.;Night
31;14/09/2022;Cold coffee;Beverages;40;13;520;Online;Mrs.;Evening
32;06/05/2022;Aalopuri;Fastfood;20;4;80;;Mr.;Morning
33;05/02/2023;Aalopuri;Fastfood;20;13;260;Online;Mr.;Night
34;04/02/2023;Frankie;Fastfood;50;12;600;Online;Mrs.;Evening
35;22/05/2022;Vadapav;Fastfood;20;8;160;Cash;Mr.;Morning
36;02/07/2022;Cold coffee;Beverages;40;10;400;Online;Mr.;Afternoon
37;05/01/2023;Frankie;Fastfood;50;10;500;Cash;Mr.;Night
38;08/03/2023;Panipuri;Fastfood;20;12;240;Online;Mrs.;Night
39;14/05/2022;Vadapav;Fastfood;20;2;40;Online;Mr.;Evening
40;05/02/2023;Sandwich;Fastfood;60;5;300;Online;Mrs.;Night
41;13/11/2022;Cold coffee;Beverages;40;11;440;;Mr.;Afternoon
42;09/05/2022;Aalopuri;Fastfood;20;8;160;Online;Mrs.;Night
43;26/05/2022;Vadapav;Fastfood;20;1;20;Cash;Mr.;Night
44;28/08/2022;Cold coffee;Beverages;40;12;480;Cash;Mr.;Evening
45;15/08/2022;Sugarcane juice;Beverages;25;6;150;Cash;Mrs.;Afternoon
46;07/05/2022;Vadapav;Fastfood;20;7;140;Cash;Mr.;Evening
47;10/07/2022;Sandwich;Fastfood;60;7;420;;Mr.;Morning
48;23/02/2023;Sandwich;Fastfood;60;14;840;Online;Mr.;Afternoon
49;06/11/2022;Frankie;Fastfood;50;4;200;Online;Mrs.;Morning
50;02/11/2022;Vadapav;Fastfood;20;8;160;Cash;Mrs.;Midnight
51;16/05/2022;Frankie;Fastfood;50;15;750;Online;Mrs.;Morning
52;16/03/2023;Sugarcane juice;Beverages;25;12;300;Cash;Mrs.;Midnight
53;26/07/2022;Aalopuri;Fastfood;20;13;260;Cash;Mr.;Afternoon
54;28/12/2022;Panipuri;Fastfood;20;14;280;Online;Mrs.;Morning
55;07/05/2022;Sandwich;Fastfood;60;10;600;Cash;Mr.;Night
56;23/11/2022;Panipuri;Fastfood;20;11;220;Cash;Mrs.;Midnight
57;04/08/2022;Panipuri;Fastfood;20;14;280;Online;Mrs.;Morning
58;03/02/2023;Vadapav;Fastfood;20;6;120;Online;Mrs.;Morning
59;01/07/2022;Vadapav;Fastfood;20;5;100;Cash;Mr.;Morning
60;11/06/2022;Cold coffee;Beverages;40;2;80;Online;Mr.;Night
61;25/12/2022;Vadapav;Fastfood;20;14;280;Cash;Mrs.;Afternoon
62;17/10/2022;Sugarcane juice;Beverages;25;3;75;Cash;Mr.;Afternoon
63;01/12/2022;Sandwich;Fastfood;60;7;420;Online;Mrs.;Morning
64;09/12/2022;Cold coffee;Beverages;40;1;40;Cash;Mr.;Morning
65;25/07/2022;Aalopuri;Fastfood;20;4;80;Cash;Mr.;Morning
66;05/04/2022;Frankie;Fastfood;50;2;100;Cash;Mrs.;Morning
67;15/05/2022;Aalopuri;Fastfood;20;9;180;Cash;Mr.;Midnight
68;17/12/2022;Cold coffee;Beverages;40;2;80;;Mr.;Night
69;10/01/2023;Vadapav;Fastfood;20;7;140;Cash;Mr.;Midnight
70;09/05/2022;Cold coffee;Beverages;40;14;560;;Mrs.;Morning
71;05/12/2022;Cold coffee;Beverages;40;6;240;Online;Mr.;Night
72;09/03/2023;Frankie;Fastfood;50;13;650;Online;Mr.;Afternoon
73;29/07/2022;Panipuri;Fastfood;20;5;100;Cash;Mr.;Midnight
74;15/08/2022;Cold coffee;Beverages;40;10;400;Online;Mrs.;Evening
75;02/02/2023;Cold coffee;Beverages;40;6;240;Online;Mrs.;Afternoon
76;17/08/2022;Vadapav;Fastfood;20;9;180;Online;Mr.;Morning
77;04/02/2023;Sugarcane juice;Beverages;25;12;300;Cash;Mrs.;Midnight
78;01/10/2022;Vadapav;Fastfood;20;4;80;Cash;Mrs.;Evening
79;05/11/2022;Panipuri;Fastfood;20;6;120;Online;Mr.;Night
80;24/05/2022;Frankie;Fastfood;50;13;650;Cash;Mr.;Evening
81;19/11/2022;Frankie;Fastfood;50;12;600;Online;Mrs.;Night
82;17/07/2022;Frankie;Fastfood;50;3;150;Online;Mrs.;Evening
83;13/11/2022;Frankie;Fastfood;50;11;550;;Mr.;Evening
84;03/03/2023;Panipuri;Fastfood;20;13;260;Cash;Mr.;Midnight
85;19/08/2022;Aalopuri;Fastfood;20;3;60;Online;Mrs.;Night
86;09/03/2023;Aalopuri;Fastfood;20;15;300;Cash;Mr.;Morning
87;29/05/2022;Aalopuri;Fastfood;20;8;160;Cash;Mr.;Night
88;07/07/2022;Cold coffee;Beverages;40;10;400;Cash;Mr.;Evening
89;23/12/2022;Aalopuri;Fastfood;20;14;280;Cash;Mr.;Evening
90;29/10/2022;Vadapav;Fastfood;20;15;300;Online;Mr.;Night
91;22/03/2023;Cold coffee;Beverages;40;6;240;;Mrs.;Evening
92;13/05/2022;Aalopuri;Fastfood;20;15;300;Cash;Mr.;Afternoon
93;03/07/2022;Cold coffee;Beverages;40;2;80;Online;Mrs.;Midnight
94;14/09/2022;Aalopuri;Fastfood;20;15;300;;Mrs.;Night
95;12/05/2022;Sugarcane juice;Beverages;25;8;200;Online;Mr.;Night
96;22/08/2022;Sandwich;Fastfood;60;15;900;;Mr.;Morning
97;29/03/2023;Cold coffee;Beverages;40;13;520;Online;Mr.;Evening
98;24/12/2022;Vadapav;Fastfood;20;1;20;Online;Mr.;Morning
99;11/09/2022;Sugarcane juice;Beverages;25;3;75;Cash;Mr.;Evening
100;08/05/2022;Panipuri;Fastfood;20;11;220;;Mr.;Morning
101;26/03/2023;Vadapav;Fastfood;20;3;60;Online;Mrs.;Morning
102;13/03/2023;Cold coffee;Beverages;40;14;560;Cash;Mr.;Morning
103;14/03/2023;Cold coffee;Beverages;40;8;320;Online;Mrs.;Midnight
104;27/10/2022;Cold coffee;Beverages;40;13;520;Online;Mr.;Morning
105;25/01/2023;Panipuri;Fastfood;20;8;160;Cash;Mrs.;Evening
106;25/02/2023;Frankie;Fastfood;50;9;450;Cash;Mrs.;Evening
107;07/02/2023;Sandwich;Fastfood;60;4;240;Online;Mr.;Afternoon
108;06/08/2022;Panipuri;Fastfood;20;5;100;Online;Mr.;Afternoon
109;08/08/2022;Cold coffee;Beverages;40;12;480;;Mr.;Afternoon
110;16/11/2022;Panipuri;Fastfood;20;2;40;Online;Mrs.;Morning
111;04/09/2022;Sandwich;Fastfood;60;8;480;Cash;Mrs.;Midnight
112;24/02/2023;Sandwich;Fastfood;60;7;420;Cash;Mr.;Morning
113;12/12/2022;Aalopuri;Fastfood;20;8;160;Cash;Mr.;Afternoon
114;14/08/2022;Aalopuri;Fastfood;20;10;200;Online;Mr.;Afternoon
115;12/01/2023;Aalopuri;Fastfood;20;13;260;;Mr.;Evening
116;26/08/2022;Sugarcane juice;Beverages;25;13;325;Cash;Mr.;Evening
117;09/03/2023;Frankie;Fastfood;50;7;350;Online;Mrs.;Evening
118;06/07/2022;Sandwich;Fastfood;60;1;60;Online;Mr.;Midnight
119;12/05/2022;Panipuri;Fastfood;20;10;200;Cash;Mr.;Evening
120;10/07/2022;Frankie;Fastfood;50;2;100;Cash;Mrs.;Evening
121;26/08/2022;Cold coffee;Beverages;40;8;320;Cash;Mr.;Afternoon
122;24/04/2022;Panipuri;Fastfood;20;3;60;;Mrs.;Night
123;09/06/2022;Cold coffee;Beverages;40;6;240;Online;Mr.;Evening
124;14/10/2022;Sugarcane juice;Beverages;25;13;325;;Mrs.;Evening
125;10/04/2022;Vadapav;Fastfood;20;7;140;Cash;Mrs.;Midnight
126;08/04/2022;Panipuri;Fastfood;20;11;220;Online;Mrs.;Night
127;03/12/2022;Aalopuri;Fastfood;20;1;20;;Mrs.;Morning
128;07/08/2022;Vadapav;Fastfood;20;11;220;Online;Mr.;Midnight
129;19/10/2022;Panipuri;Fastfood;20;13;260;Cash;Mrs.;Morning
130;28/12/2022;Sugarcane juice;Beverages;25;7;175;Cash;Mr.;Night
131;19/01/2023;Sandwich;Fastfood;60;8;480;Cash;Mr.;Night
132;05/12/2022;Vadapav;Fastfood;20;4;80;Online;Mrs.;Night
133;20/12/2022;Aalopuri;Fastfood;20;5;100;Online;Mr.;Midnight
134;17/07/2022;Aalopuri;Fastfood;20;12;240;Online;Mrs.;Night
135;14/01/2023;Aalopuri;Fastfood;20;8;160;Online;Mr.;Midnight
136;24/08/2022;Aalopuri;Fastfood;20;15;300;Online;Mr.;Morning
137;19/03/2023;Sugarcane juice;Beverages;25;6;150;;Mr.;Afternoon
138;01/09/2022;Sandwich;Fastfood;60;15;900;Online;Mr.;Night
139;26/02/2023;Frankie;Fastfood;50;11;550;Online;Mrs.;Night
140;12/06/2022;Frankie;Fastfood;50;13;650;Cash;Mr.;Night
141;15/06/2022;Aalopuri;Fastfood;20;4;80;;Mr.;Evening
142;30/12/2022;Sugarcane juice;Beverages;25;12;300;Cash;Mrs.;Morning
143;18/09/2022;Frankie;Fastfood;50;8;400;;Mrs.;Afternoon
144;17/11/2022;Panipuri;Fastfood;20;10;200;Cash;Mrs.;Evening
145;09/10/2022;Sandwich;Fastfood;60;14;840;Online;Mr.;Morning
146;28/10/2022;Frankie;Fastfood;50;4;200;;Mrs.;Afternoon
147;17/05/2022;Panipuri;Fastfood;20;7;140;Online;Mr.;Evening
148;19/03/2023;Sandwich;Fastfood;60;13;780;Online;Mr.;Evening
149;09/08/2022;Sandwich;Fastfood;60;7;420;Online;Mr.;Morning
150;30/01/2023;Cold coffee;Beverages;40;14;560;Cash;Mr.;Afternoon
151;10/07/2022;Frankie;Fastfood;50;13;650;Online;Mrs.;Morning
152;24/10/2022;Cold coffee;Beverages;40;9;360;Online;Mr.;Afternoon
153;21/07/2022;Panipuri;Fastfood;20;1;20;Cash;Mrs.;Evening
154;13/12/2022;Vadapav;Fastfood;20;3;60;Cash;Mr.;Night
155;07/02/2023;Sugarcane juice;Beverages;25;10;250;Cash;Mrs.;Evening
156;25/03/2023;Panipuri;Fastfood;20;14;280;Cash;Mr.;Midnight
157;24/02/2023;Frankie;Fastfood;50;7;350;Online;Mrs.;Midnight
158;16/05/2022;Aalopuri;Fastfood;20;2;40;;Mr.;Midnight
159;03/10/2022;Sugarcane juice;Beverages;25;1;25;Online;Mrs.;Afternoon
160;23/07/2022;Vadapav;Fastfood;20;10;200;Online;Mr.;Night
161;19/01/2023;Sugarcane juice;Beverages;25;12;300;Cash;Mr.;Evening
162;07/05/2022;Aalopuri;Fastfood;20;11;220;Cash;Mr.;Midnight
163;06/01/2023;Frankie;Fastfood;50;6;300;Online;Mrs.;Midnight
164;10/08/2022;Sugarcane juice;Beverages;25;7;175;Online;Mr.;Afternoon
165;05/01/2023;Sandwich;Fastfood;60;11;660;Cash;Mr.;Midnight
166;01/06/2022;Panipuri;Fastfood;20;6;120;Cash;Mrs.;Evening
167;23/02/2023;Cold coffee;Beverages;40;6;240;Cash;Mrs.;Morning
168;19/04/2022;Sandwich;Fastfood;60;4;240;Cash;Mrs.;Midnight
169;20/06/2022;Vadapav;Fastfood;20;6;120;Cash;Mr.;Morning
170;13/02/2023;Aalopuri;Fastfood;20;6;120;;Mrs.;Afternoon
171;02/03/2023;Vadapav;Fastfood;20;11;220;Cash;Mrs.;Midnight
172;27/08/2022;Sugarcane juice;Beverages;25;6;150;Online;Mrs.;Night
173;20/01/2023;Cold coffee;Beverages;40;2;80;Online;Mr.;Night
174;03/09/2022;Aalopuri;Fastfood;20;2;40;Online;Mr.;Evening
175;17/10/2022;Frankie;Fastfood;50;12;600;Cash;Mrs.;Afternoon
176;04/08/2022;Panipuri;Fastfood;20;1;20;Cash;Mrs.;Midnight
177;21/07/2022;Panipuri;Fastfood;20;11;220;Online;Mrs.;Morning
178;09/12/2022;Aalopuri;Fastfood;20;2;40;Cash;Mrs.;Morning
179;03/03/2023;Sugarcane juice;Beverages;25;5;125;;Mrs.;Midnight
180;01/12/2022;Vadapav;Fastfood;20;6;120;Online;Mrs.;Afternoon
181;09/06/2022;Cold coffee;Beverages;40;7;280;Cash;Mrs.;Night
182;02/07/2022;Cold coffee;Beverages;40;1;40;Cash;Mr.;Midnight
183;10/07/2022;Sugarcane juice;Beverages;25;5;125;Cash;Mrs.;Midnight
184;03/01/2023;Cold coffee;Beverages;40;8;320;Cash;Mr.;Night
185;13/01/2023;Sugarcane juice;Beverages;25;15;375;;Mr.;Night
186;15/03/2023;Frankie;Fastfood;50;2;100;Online;Mr.;Afternoon
187;11/10/2022;Aalopuri;Fastfood;20;15;300;Cash;Mrs.;Morning
188;28/12/2022;Panipuri;Fastfood;20;14;280;Cash;Mrs.;Night
189;08/02/2023;Vadapav;Fastfood;20;12;240;Online;Mr.;Afternoon
190;26/04/2022;Cold coffee;Beverages;40;1;40;Online;Mr.;Evening
191;20/05/2022;Sugarcane juice;Beverages;25;14;350;Cash;Mrs.;Morning
192;26/10/2022;Vadapav;Fastfood;20;2;40;Online;Mr.;Night
193;05/02/2023;Cold coffee;Beverages;40;15;600;Online;Mrs.;Midnight
194;15/12/2022;Vadapav;Fastfood;20;4;80;Cash;Mrs.;Morning
195;23/04/2022;Sandwich;Fastfood;60;4;240;Cash;Mrs.;Night
196;25/06/2022;Sandwich;Fastfood;60;3;180;Cash;Mr.;Evening
197;08/11/2022;Panipuri;Fastfood;20;10;200;Cash;Mrs.;Midnight
198;05/01/2023;Frankie;Fastfood;50;15;750;Cash;Mr.;Morning
199;01/02/2023;Frankie;Fastfood;50;6;300;Online;Mrs.;Morning
200;25/12/2022;Cold coffee;Beverages;40;10;400;Cash;Mrs.;Morning
201;30/06/2022;Panipuri;Fastfood;20;8;160;Cash;Mr.;Morning
202;21/09/2022;Aalopuri;Fastfood;20;9;180;Cash;Mr.;Afternoon
203;11/04/2022;Vadapav;Fastfood;20;6;120;Online;Mrs.;Midnight
204;24/10/2022;Cold coffee;Beverages;40;7;280;Cash;Mrs.;Evening
205;17/10/2022;Vadapav;Fastfood;20;4;80;;Mr.;Afternoon
206;27/07/2022;Aalopuri;Fastfood;20;4;80;Cash;Mr.;Night
207;20/02/2023;Cold coffee;Beverages;40;8;320;Online;Mrs.;Evening
208;26/08/2022;Cold coffee;Beverages;40;13;520;Cash;Mrs.;Midnight
209;04/12/2022;Aalopuri;Fastfood;20;2;40;Cash;Mr.;Night
210;02/01/2023;Sugarcane juice;Beverages;25;15;375;;Mr.;Night
211;18/04/2022;Aalopuri;Fastfood;20;12;240;Cash;Mr.;Morning
212;05/05/2022;Cold coffee;Beverages;40;12;480;Online;Mrs.;Morning
213;29/09/2022;Vadapav;Fastfood;20;3;60;;Mrs.;Midnight
214;03/12/2022;Sugarcane juice;Beverages;25;14;350;Online;Mr.;Evening
215;10/12/2022;Sugarcane juice;Beverages;25;7;175;;Mrs.;Morning
216;07/03/2023;Panipuri;Fastfood;20;9;180;Cash;Mrs.;Afternoon
217;23/03/2023;Cold coffee;Beverages;40;10;400;Cash;Mr.;Morning
218;23/12/2022;Cold coffee;Beverages;40;13;520;Online;Mrs.;Midnight
219;01/10/2022;Aalopuri;Fastfood;20;9;180;Cash;Mrs.;Evening
220;13/05/2022;Sugarcane juice;Beverages;25;1;25;Cash;Mr.;Afternoon
221;26/03/2023;Sandwich;Fastfood;60;1;60;Online;Mr.;Evening
222;11/09/2022;Sandwich;Fastfood;60;6;360;Cash;Mrs.;Morning
223;21/09/2022;Panipuri;Fastfood;20;13;260;Online;Mr.;Night
224;23/03/2023;Sugarcane juice;Beverages;25;14;350;Cash;Mr.;Afternoon
225;16/03/2023;Frankie;Fastfood;50;11;550;Cash;Mrs.;Evening
226;12/12/2022;Aalopuri;Fastfood;20;13;260;Online;Mrs.;Afternoon
227;17/11/2022;Cold coffee;Beverages;40;5;200;Cash;Mrs.;Afternoon
228;05/11/2022;Panipuri;Fastfood;20;8;160;Online;Mr.;Night
229;15/12/2022;Panipuri;Fastfood;20;7;140;;Mr.;Evening
230;16/04/2022;Frankie;Fastfood;50;6;300;Online;Mr.;Afternoon
231;16/04/2022;Sugarcane juice;Beverages;25;3;75;;Mr.;Night
232;23/04/2022;Vadapav;Fastfood;20;13;260;Cash;Mrs.;Night
233;31/07/2022;Panipuri;Fastfood;20;5;100;Cash;Mr.;Morning
234;27/07/2022;Panipuri;Fastfood;20;10;200;Cash;Mr.;Midnight
235;29/11/2022;Sandwich;Fastfood;60;10;600;Cash;Mrs.;Afternoon
236;26/06/2022;Vadapav;Fastfood;20;12;240;;Mrs.;Evening
237;08/11/2022;Panipuri;Fastfood;20;13;260;Cash;Mrs.;Midnight
238;26/04/2022;Vadapav;Fastfood;20;13;260;Cash;Mr.;Morning
239;04/12/2022;Frankie;Fastfood;50;4;200;Online;Mr.;Evening
240;11/12/2022;Sandwich;Fastfood;60;10;600;Cash;Mrs.;Morning
241;06/06/2022;Sugarcane juice;Beverages;25;2;50;Cash;Mr.;Afternoon
242;23/12/2022;Cold coffee;Beverages;40;4;160;Online;Mrs.;Midnight
243;12/11/2022;Panipuri;Fastfood;20;5;100;Cash;Mrs.;Midnight
244;22/11/2022;Sandwich;Fastfood;60;10;600;Online;Mrs.;Midnight
245;03/10/2022;Vadapav;Fastfood;20;2;40;Cash;Mrs.;Morning
246;16/11/2022;Vadapav;Fastfood;20;10;200;Cash;Mr.;Afternoon
247;03/10/2022;Sugarcane juice;Beverages;25;6;150;;Mr.;Midnight
248;17/04/2022;Frankie;Fastfood;50;5;250;Online;Mrs.;Midnight
249;26/10/2022;Sugarcane juice;Beverages;25;3;75;Online;Mrs.;Afternoon
250;15/11/2022;Sugarcane juice;Beverages;25;6;150;Online;Mrs.;Midnight
251;21/12/2022;Cold coffee;Beverages;40;13;520;;Mrs.;Afternoon
252;26/03/2023;Vadapav;Fastfood;20;8;160;Online;Mr.;Midnight
253;18/06/2022;Sugarcane juice;Beverages;25;13;325;Online;Mr.;Afternoon
254;09/10/2022;Cold coffee;Beverages;40;12;480;;Mrs.;Afternoon
255;30/04/2022;Vadapav;Fastfood;20;7;140;;Mrs.;Afternoon
256;16/03/2023;Aalopuri;Fastfood;20;3;60;Online;Mrs.;Midnight
257;03/01/2023;Sandwich;Fastfood;60;10;600;Cash;Mrs.;Midnight
258;06/09/2022;Vadapav;Fastfood;20;14;280;Cash;Mr.;Midnight
259;18/11/2022;Sandwich;Fastfood;60;4;240;Online;Mr.;Morning
260;10/09/2022;Sugarcane juice;Beverages;25;2;50;Online;Mrs.;Night
261;11/01/2023;Frankie;Fastfood;50;9;450;Cash;Mrs.;Midnight
262;05/03/2023;Vadapav;Fastfood;20;5;100;;Mrs.;Evening
263;19/06/2022;Panipuri;Fastfood;20;2;40;Cash;Mr.;Evening
264;18/07/2022;Sugarcane juice;Beverages;25;12;300;Online;Mr.;Morning
265;15/08/2022;Vadapav;Fastfood;20;6;120;Cash;Mr.;Midnight
266;02/10/2022;Frankie;Fastfood;50;10;500;Online;Mrs.;Night
267;05/03/2023;Vadapav;Fastfood;20;1;20;Cash;Mr.;Morning
268;05/02/2023;Cold coffee;Beverages;40;12;480;Cash;Mrs.;Midnight
269;22/12/2022;Panipuri;Fastfood;20;2;40;;Mrs.;Midnight
270;07/09/2022;Sandwich;Fastfood;60;13;780;Cash;Mr.;Evening
271;03/05/2022;Vadapav;Fastfood;20;13;260;Cash;Mr.;Evening
272;29/07/2022;Frankie;Fastfood;50;5;250;Online;Mrs.;Night
273;15/08/2022;Panipuri;Fastfood;20;15;300;Cash;Mr.;Midnight
274;04/01/2023;Sugarcane juice;Beverages;25;10;250;Online;Mr.;Night
275;04/02/2023;Vadapav;Fastfood;20;15;300;Online;Mr.;Night
276;30/09/2022;Sugarcane juice;Beverages;25;6;150;Cash;Mr.;Midnight
277;08/12/2022;Cold coffee;Beverages;40;13;520;Cash;Mrs.;Midnight
278;19/06/2022;Frankie;Fastfood;50;6;300;Online;Mrs.;Night
279;14/09/2022;Vadapav;Fastfood;20;15;300;Cash;Mrs.;Afternoon
280;09/10/2022;Panipuri;Fastfood;20;14;280;Online;Mrs.;Evening
281;09/08/2022;Sandwich;Fastfood;60;3;180;Cash;Mrs.;Afternoon
282;16/05/2022;Vadapav;Fastfood;20;13;260;;Mrs.;Morning
283;02/07/2022;Panipuri;Fastfood;20;2;40;Cash;Mrs.;Midnight
284;29/01/2023;Frankie;Fastfood;50;7;350;;Mr.;Afternoon
285;28/06/2022;Aalopuri;Fastfood;20;3;60;;Mr.;Night
286;14/12/2022;Vadapav;Fastfood;20;6;120;;Mr.;Night
287;06/08/2022;Aalopuri;Fastfood;20;3;60;Cash;Mr.;Morning
288;22/08/2022;Sandwich;Fastfood;60;7;420;Cash;Mr.;Night
289;28/11/2022;Aalopuri;Fastfood;20;7;140;Online;Mrs.;Midnight
290;03/05/2022;Panipuri;Fastfood;20;7;140;Cash;Mrs.;Morning
291;27/01/2023;Frankie;Fastfood;50;8;400;Online;Mrs.;Night
292;16/01/2023;Frankie;Fastfood;50;2;100;Cash;Mrs.;Midnight
293;21/04/2022;Panipuri;Fastfood;20;8;160;Online;Mrs.;Morning
294;23/09/2022;Aalopuri;Fastfood;20;1;20;Cash;Mrs.;Evening
295;21/07/2022;Sandwich;Fastfood;60;7;420;Cash;Mr.;Midnight
296;06/02/2023;Panipuri;Fastfood;20;7;140;Cash;Mrs.;Afternoon
297;30/04/2022;Sandwich;Fastfood;60;10;600;Online;Mr.;Evening
298;19/07/2022;Sugarcane juice;Beverages;25;9;225;Cash;Mrs.;Afternoon
299;22/07/2022;Aalopuri;Fastfood;20;1;20;Online;Mrs.;Evening
300;27/06/2022;Aalopuri;Fastfood;20;8;160;Cash;Mr.;Afternoon
301;28/01/2023;Panipuri;Fastfood;20;7;140;Cash;Mr.;Night
302;21/03/2023;Aalopuri;Fastfood;20;14;280;Cash;Mr.;Night
303;02/07/2022;Sugarcane juice;Beverages;25;1;25;Cash;Mrs.;Midnight
304;28/05/2022;Vadapav;Fastfood;20;15;300;Online;Mr.;Morning
305;05/03/2023;Panipuri;Fastfood;20;4;80;;Mrs.;Morning
306;03/03/2023;Cold coffee;Beverages;40;8;320;Online;Mrs.;Morning
307;13/02/2023;Vadapav;Fastfood;20;8;160;Cash;Mr.;Evening
308;17/12/2022;Sandwich;Fastfood;60;13;780;Online;Mr.;Evening
309;14/10/2022;Sandwich;Fastfood;60;8;480;Online;Mr.;Evening
310;25/04/2022;Vadapav;Fastfood;20;4;80;Cash;Mr.;Afternoon
311;31/07/2022;Frankie;Fastfood;50;7;350;;Mrs.;Morning
312;28/12/2022;Cold coffee;Beverages;40;1;40;Cash;Mrs.;Night
313;19/04/2022;Cold coffee;Beverages;40;1;40;Cash;Mr.;Midnight
314;27/02/2023;Frankie;Fastfood;50;8;400;Online;Mrs.;Morning
315;20/02/2023;Cold coffee;Beverages;40;13;520;Online;Mrs.;Afternoon
316;02/11/2022;Frankie;Fastfood;50;4;200;Online;Mr.;Morning
317;10/03/2023;Aalopuri;Fastfood;20;12;240;Online;Mrs.;Afternoon
318;21/12/2022;Aalopuri;Fastfood;20;10;200;Online;Mrs.;Midnight
319;30/06/2022;Frankie;Fastfood;50;15;750;Cash;Mr.;Afternoon
320;18/03/2023;Sugarcane juice;Beverages;25;7;175;Cash;Mrs.;Afternoon
321;08/02/2023;Frankie;Fastfood;50;12;600;Cash;Mrs.;Evening
322;05/05/2022;Cold coffee;Beverages;40;11;440;Cash;Mr.;Morning
323;29/12/2022;Aalopuri;Fastfood;20;4;80;Cash;Mr.;Morning
324;18/07/2022;Sugarcane juice;Beverages;25;15;375;Online;Mrs.;Night
325;02/03/2023;Aalopuri;Fastfood;20;12;240;;Mrs.;Afternoon
326;03/05/2022;Sandwich;Fastfood;60;8;480;Cash;Mr.;Evening
327;29/11/2022;Frankie;Fastfood;50;15;750;Cash;Mrs.;Midnight
328;16/06/2022;Vadapav;Fastfood;20;3;60;Online;Mr.;Evening
329;10/01/2023;Panipuri;Fastfood;20;7;140;Online;Mrs.;Afternoon
330;22/09/2022;Panipuri;Fastfood;20;8;160;;Mr.;Morning
331;21/08/2022;Panipuri;Fastfood;20;4;80;Online;Mrs.;Evening
332;17/02/2023;Aalopuri;Fastfood;20;2;40;;Mrs.;Afternoon
333;30/10/2022;Sugarcane juice;Beverages;25;11;275;Cash;Mrs.;Afternoon
334;04/04/2022;Cold coffee;Beverages;40;4;160;Cash;Mrs.;Evening
335;24/10/2022;Cold coffee;Beverages;40;11;440;Cash;Mr.;Night
336;03/09/2022;Sugarcane juice;Beverages;25;13;325;;Mrs.;Midnight
337;15/10/2022;Aalopuri;Fastfood;20;14;280;Online;Mrs.;Midnight
338;06/05/2022;Sugarcane juice;Beverages;25;12;300;Cash;Mr.;Morning
339;16/02/2023;Sugarcane juice;Beverages;25;1;25;;Mrs.;Midnight
340;02/06/2022;Cold coffee;Beverages;40;4;160;Cash;Mrs.;Evening
341;19/03/2023;Frankie;Fastfood;50;9;450;Cash;Mrs.;Evening
342;11/03/2023;Vadapav;Fastfood;20;7;140;Online;Mr.;Afternoon
343;18/01/2023;Sugarcane juice;Beverages;25;5;125;Cash;Mr.;Afternoon
344;13/05/2022;Cold coffee;Beverages;40;14;560;Cash;Mr.;Night
345;09/05/2022;Panipuri;Fastfood;20;14;280;Online;Mrs.;Night
346;31/01/2023;Cold coffee;Beverages;40;12;480;Cash;Mr.;Morning
347;24/06/2022;Frankie;Fastfood;50;7;350;Cash;Mrs.;Afternoon
348;19/09/2022;Vadapav;Fastfood;20;1;20;Online;Mrs.;Midnight
349;17/08/2022;Panipuri;Fastfood;20;5;100;Cash;Mrs.;Evening
350;21/09/2022;Cold coffee;Beverages;40;8;320;Online;Mrs.;Morning
351;08/07/2022;Frankie;Fastfood;50;5;250;Online;Mrs.;Night
352;25/05/2022;Frankie;Fastfood;50;11;550;Cash;Mrs.;Night
353;18/05/2022;Vadapav;Fastfood;20;4;80;Online;Mrs.;Midnight
354;16/01/2023;Panipuri;Fastfood;20;14;280;Online;Mr.;Midnight
355;15/03/2023;Cold coffee;Beverages;40;4;160;Online;Mr.;Midnight
356;26/05/2022;Sugarcane juice;Beverages;25;14;350;Cash;Mrs.;Night
357;21/09/2022;Sandwich;Fastfood;60;9;540;Online;Mrs.;Afternoon
358;27/10/2022;Aalopuri;Fastfood;20;6;120;Cash;Mr.;Night
359;27/08/2022;Aalopuri;Fastfood;20;13;260;Online;Mrs.;Night
360;06/10/2022;Cold coffee;Beverages;40;2;80;Online;Mrs.;Midnight
361;30/06/2022;Sandwich;Fastfood;60;15;900;;Mrs.;Night
362;30/12/2022;Sugarcane juice;Beverages;25;2;50;Cash;Mr.;Morning
363;09/05/2022;Frankie;Fastfood;50;9;450;Online;Mr.;Afternoon
364;11/10/2022;Cold coffee;Beverages;40;2;80;Online;Mr.;Night
365;08/07/2022;Panipuri;Fastfood;20;10;200;Online;Mr.;Night
366;30/11/2022;Sugarcane juice;Beverages;25;10;250;Online;Mrs.;Afternoon
367;10/08/2022;Panipuri;Fastfood;20;6;120;;Mr.;Afternoon
368;31/08/2022;Cold coffee;Beverages;40;2;80;Cash;Mr.;Night
369;03/07/2022;Sandwich;Fastfood;60;2;120;Online;Mrs.;Evening
370;28/05/2022;Panipuri;Fastfood;20;5;100;;Mrs.;Midnight
371;18/10/2022;Vadapav;Fastfood;20;5;100;Online;Mrs.;Night
372;19/11/2022;Frankie;Fastfood;50;12;600;;Mr.;Morning
373;08/05/2022;Sugarcane juice;Beverages;25;12;300;Cash;Mrs.;Midnight
374;24/07/2022;Frankie;Fastfood;50;10;500;Online;Mr.;Midnight
375;17/11/2022;Panipuri;Fastfood;20;13;260;Cash;Mr.;Evening
376;04/12/2022;Frankie;Fastfood;50;15;750;Cash;Mr.;Midnight
377;20/05/2022;Sugarcane juice;Beverages;25;3;75;Online;Mrs.;Evening
378;24/04/2022;Vadapav;Fastfood;20;2;40;Cash;Mrs.;Midnight
379;15/02/2023;Cold coffee;Beverages;40;14;560;;Mr.;Afternoon
380;20/10/2022;Sandwich;Fastfood;60;5;300;Online;Mrs.;Afternoon
381;26/02/2023;Vadapav;Fastfood;20;1;20;Online;Mr.;Morning
382;16/08/2022;Cold coffee;Beverages;40;9;360;Cash;Mrs.;Night
383;06/05/2022;Aalopuri;Fastfood;20;7;140;Online;Mrs.;Morning
384;22/10/2022;Sugarcane juice;Beverages;25;1;25;Online;Mr.;Afternoon
385;25/04/2022;Vadapav;Fastfood;20;5;100;Cash;Mr.;Morning
386;23/11/2022;Frankie;Fastfood;50;5;250;Online;Mr.;Midnight
387;17/03/2023;Sugarcane juice;Beverages;25;14;350;Cash;Mrs.;Midnight
388;09/10/2022;Sandwich;Fastfood;60;14;840;Cash;Mr.;Evening
389;22/12/2022;Sandwich;Fastfood;60;12;720;Cash;Mrs.;Evening
390;18/06/2022;Sugarcane juice;Beverages;25;5;125;;Mr.;Midnight
391;21/04/2022;Aalopuri;Fastfood;20;1;20;Online;Mrs.;Night
392;18/09/2022;Aalopuri;Fastfood;20;15;300;Online;Mr.;Night
393;02/07/2022;Sugarcane juice;Beverages;25;10;250;Online;Mrs.;Evening
394;03/04/2022;Sandwich;Fastfood;60;1;60;Cash;Mrs.;Morning
395;31/01/2023;Sandwich;Fastfood;60;3;180;Cash;Mrs.;Evening
396;31/10/2022;Frankie;Fastfood;50;15;750;Online;Mr.;Morning
397;06/07/2022;Aalopuri;Fastfood;20;2;40;Online;Mrs.;Afternoon
398;13/01/2023;Panipuri;Fastfood;20;6;120;Online;Mr.;Evening
399;24/06/2022;Panipuri;Fastfood;20;9;180;Cash;Mrs.;Evening
400;04/03/2023;Cold coffee;Beverages;40;15;600;Cash;Mrs.;Morning
401;11/10/2022;Sugarcane juice;Beverages;25;8;200;Online;Mrs.;Midnight
402;19/03/2023;Frankie;Fastfood;50;7;350;Cash;Mr.;Night
403;25/09/2022;Cold coffee;Beverages;40;3;120;Online;Mrs.;Midnight
404;26/11/2022;Frankie;Fastfood;50;7;350;Cash;Mrs.;Midnight
405;13/12/2022;Sugarcane juice;Beverages;25;10;250;Cash;Mr.;Night
406;13/10/2022;Cold coffee;Beverages;40;4;160;Online;Mrs.;Afternoon
407;02/01/2023;Sugarcane juice;Beverages;25;2;50;Cash;Mr.;Evening
408;05/10/2022;Vadapav;Fastfood;20;4;80;Online;Mr.;Midnight
409;15/09/2022;Aalopuri;Fastfood;20;9;180;Cash;Mrs.;Morning
410;23/11/2022;Aalopuri;Fastfood;20;15;300;Online;Mr.;Afternoon
411;20/11/2022;Panipuri;Fastfood;20;12;240;Cash;Mr.;Afternoon
412;09/03/2023;Sugarcane juice;Beverages;25;14;350;;Mr.;Afternoon
413;03/04/2022;Aalopuri;Fastfood;20;10;200;Online;Mrs.;Midnight
414;21/01/2023;Cold coffee;Beverages;40;13;520;;Mr.;Night
415;05/12/2022;Vadapav;Fastfood;20;8;160;Online;Mr.;Evening
416;05/08/2022;Sandwich;Fastfood;60;9;540;;Mr.;Morning
417;16/01/2023;Panipuri;Fastfood;20;3;60;Cash;Mr.;Evening
418;12/11/2022;Cold coffee;Beverages;40;7;280;Online;Mr.;Night
419;08/10/2022;Sugarcane juice;Beverages;25;14;350;;Mrs.;Midnight
420;30/01/2023;Frankie;Fastfood;50;13;650;Online;Mrs.;Evening
421;24/03/2023;Cold coffee;Beverages;40;2;80;Online;Mr.;Midnight
422;02/08/2022;Cold coffee;Beverages;40;7;280;Online;Mr.;Evening
423;21/10/2022;Frankie;Fastfood;50;7;350;Cash;Mrs.;Night
424;21/04/2022;Sugarcane juice;Beverages;25;9;225;Online;Mrs.;Midnight
425;17/08/2022;Panipuri;Fastfood;20;14;280;Online;Mr.;Afternoon
426;20/01/2023;Frankie;Fastfood;50;14;700;Cash;Mr.;Midnight
427;21/05/2022;Sandwich;Fastfood;60;2;120;Online;Mr.;Afternoon
428;24/12/2022;Sugarcane juice;Beverages;25;8;200;Online;Mr.;Afternoon
429;19/09/2022;Cold coffee;Beverages;40;3;120;Online;Mr.;Night
430;05/11/2022;Sandwich;Fastfood;60;4;240;Online;Mr.;Night
431;16/03/2023;Panipuri;Fastfood;20;6;120;Online;Mr.;Evening
432;27/03/2023;Panipuri;Fastfood;20;6;120;Online;Mr.;Afternoon
433;27/05/2022;Panipuri;Fastfood;20;14;280;Online;Mrs.;Evening
434;21/08/2022;Aalopuri;Fastfood;20;12;240;Cash;Mr.;Morning
435;08/05/2022;Sandwich;Fastfood;60;1;60;Cash;Mrs.;Afternoon
436;05/01/2023;Frankie;Fastfood;50;10;500;Cash;Mr.;Midnight
437;31/08/2022;Cold coffee;Beverages;40;1;40;;Mr.;Morning
438;20/06/2022;Cold coffee;Beverages;40;5;200;Online;Mr.;Morning
439;30/09/2022;Frankie;Fastfood;50;13;650;Online;Mr.;Afternoon
440;28/11/2022;Aalopuri;Fastfood;20;7;140;Cash;Mr.;Afternoon
441;02/11/2022;Aalopuri;Fastfood;20;1;20;Online;Mrs.;Midnight
442;22/08/2022;Sugarcane juice;Beverages;25;7;175;Online;Mrs.;Night
443;05/09/2022;Sugarcane juice;Beverages;25;12;300;Cash;Mrs.;Night
444;28/09/2022;Frankie;Fastfood;50;4;200;;Mr.;Evening
445;22/10/2022;Sandwich;Fastfood;60;14;840;Online;Mrs.;Morning
446;31/08/2022;Cold coffee;Beverages;40;9;360;Cash;Mr.;Night
447;17/01/2023;Frankie;Fastfood;50;6;300;Online;Mrs.;Afternoon
448;27/07/2022;Vadapav;Fastfood;20;6;120;Cash;Mrs.;Evening
449;09/09/2022;Frankie;Fastfood;50;4;200;Cash;Mr.;Afternoon
450;20/05/2022;Sugarcane juice;Beverages;25;1;25;Online;Mr.;Morning
451;15/03/2023;Sugarcane juice;Beverages;25;10;250;Cash;Mrs.;Midnight
452;25/12/2022;Frankie;Fastfood;50;5;250;Online;Mr.;Afternoon
453;20/10/2022;Sandwich;Fastfood;60;1;60;Online;Mrs.;Midnight
454;07/03/2023;Sandwich;Fastfood;60;1;60;Online;Mrs.;Evening
455;01/03/2023;Cold coffee;Beverages;40;11;440;Cash;Mr.;Midnight
456;31/12/2022;Cold coffee;Beverages;40;13;520;;Mrs.;Night
457;16/10/2022;Cold coffee;Beverages;40;11;440;Cash;Mr.;Evening
458;12/09/2022;Sugarcane juice;Beverages;25;8;200;Cash;Mrs.;Midnight
459;08/06/2022;Vadapav;Fastfood;20;14;280;Cash;Mr.;Night
460;20/11/2022;Aalopuri;Fastfood;20;2;40;Cash;Mr.;Morning
461;22/07/2022;Sugarcane juice;Beverages;25;5;125;Cash;Mr.;Midnight
462;24/04/2022;Vadapav;Fastfood;20;3;60;Cash;Mr.;Morning
463;11/06/2022;Sandwich;Fastfood;60;6;360;Online;Mr.;Midnight
464;18/10/2022;Sugarcane juice;Beverages;25;13;325;Cash;Mr.;Morning
465;15/01/2023;Sugarcane juice;Beverages;25;12;300;Online;Mr.;Evening
466;11/01/2023;Panipuri;Fastfood;20;6;120;Cash;Mr.;Evening
467;17/10/2022;Aalopuri;Fastfood;20;11;220;Online;Mr.;Morning
468;08/09/2022;Panipuri;Fastfood;20;2;40;Cash;Mr.;Evening
469;15/05/2022;Sandwich;Fastfood;60;7;420;Online;Mrs.;Morning
470;29/09/2022;Vadapav;Fastfood;20;8;160;Cash;Mrs.;Morning
471;13/02/2023;Panipuri;Fastfood;20;7;140;Cash;Mrs.;Afternoon
472;11/01/2023;Panipuri;Fastfood;20;10;200;;Mr.;Midnight
473;04/09/2022;Sandwich;Fastfood;60;5;300;Cash;Mrs.;Evening
474;28/08/2022;Sugarcane juice;Beverages;25;15;375;Cash;Mrs.;Night
475;24/02/2023;Cold coffee;Beverages;40;6;240;Cash;Mrs.;Night
476;02/02/2023;Aalopuri;Fastfood;20;10;200;Cash;Mr.;Morning
477;13/02/2023;Sandwich;Fastfood;60;15;900;Cash;Mrs.;Midnight
478;27/12/2022;Sugarcane juice;Beverages;25;9;225;Cash;Mrs.;Afternoon
479;13/02/2023;Sandwich;Fastfood;60;11;660;Cash;Mrs.;Afternoon
480;02/10/2022;Vadapav;Fastfood;20;12;240;Cash;Mr.;Evening
481;29/10/2022;Sugarcane juice;Beverages;25;4;100;Cash;Mr.;Evening
482;31/01/2023;Aalopuri;Fastfood;20;1;20;Online;Mr.;Afternoon
483;27/04/2022;Panipuri;Fastfood;20;9;180;Cash;Mrs.;Morning
484;21/03/2023;Cold coffee;Beverages;40;5;200;Cash;Mrs.;Afternoon
485;26/02/2023;Aalopuri;Fastfood;20;6;120;Cash;Mrs.;Midnight
486;14/02/2023;Vadapav;Fastfood;20;6;120;Cash;Mrs.;Midnight
487;27/05/2022;Sandwich;Fastfood;60;9;540;Cash;Mrs.;Midnight
488;21/09/2022;Cold coffee;Beverages;40;10;400;Cash;Mr.;Midnight
489;03/02/2023;Frankie;Fastfood;50;13;650;Online;Mrs.;Evening
490;26/12/2022;Cold coffee;Beverages;40;8;320;Cash;Mr.;Morning
491;31/05/2022;Vadapav;Fastfood;20;2;40;Online;Mrs.;Midnight
492;11/07/2022;Sandwich;Fastfood;60;15;900;Cash;Mr.;Afternoon
493;02/10/2022;Cold coffee;Beverages;40;2;80;Online;Mr.;Morning
494;14/01/2023;Cold coffee;Beverages;40;10;400;Cash;Mrs.;Night
495;20/10/2022;Aalopuri;Fastfood;20;13;260;Online;Mrs.;Midnight
496;07/11/2022;Cold coffee;Beverages;40;10;400;Online;Mrs.;Night
497;25/01/2023;Sandwich;Fastfood;60;7;420;Cash;Mr.;Midnight
498;16/06/2022;Frankie;Fastfood;50;1;50;Cash;Mr.;Midnight
499;27/07/2022;Sandwich;Fastfood;60;8;480;Online;Mrs.;Evening
500;08/04/2022;Vadapav;Fastfood;20;4;80;Online;Mrs.;Midnight
501;09/08/2022;Sugarcane juice;Beverages;25;14;350;Online;Mrs.;Afternoon
502;04/01/2023;Panipuri;Fastfood;20;13;260;Online;Mr.;Night
503;04/11/2022;Aalopuri;Fastfood;20;13;260;Cash;Mrs.;Morning
504;09/12/2022;Cold coffee;Beverages;40;8;320;Cash;Mr.;Evening
505;12/02/2023;Frankie;Fastfood;50;4;200;Cash;Mr.;Night
506;26/12/2022;Cold coffee;Beverages;40;12;480;Cash;Mrs.;Midnight
507;14/12/2022;Aalopuri;Fastfood;20;14;280;Online;Mrs.;Morning
508;10/12/2022;Sandwich;Fastfood;60;1;60;Cash;Mr.;Night
509;26/10/2022;Vadapav;Fastfood;20;11;220;Online;Mr.;Evening
510;04/04/2022;Sandwich;Fastfood;60;14;840;Online;Mr.;Afternoon
511;02/08/2022;Panipuri;Fastfood;20;4;80;Cash;Mrs.;Night
512;11/01/2023;Panipuri;Fastfood;20;3;60;Cash;Mrs.;Afternoon
513;16/07/2022;Cold coffee;Beverages;40;5;200;Cash;Mrs.;Night
514;24/08/2022;Cold coffee;Beverages;40;8;320;Online;Mrs.;Evening
515;02/11/2022;Sandwich;Fastfood;60;7;420;;Mrs.;Night
516;22/09/2022;Sugarcane juice;Beverages;25;12;300;Online;Mrs.;Midnight
517;02/07/2022;Panipuri;Fastfood;20;13;260;Online;Mr.;Evening
518;09/12/2022;Aalopuri;Fastfood;20;6;120;Cash;Mrs.;Morning
519;25/11/2022;Cold coffee;Beverages;40;10;400;Cash;Mr.;Morning
520;03/04/2022;Panipuri;Fastfood;20;11;220;Online;Mrs.;Night
521;27/01/2023;Panipuri;Fastfood;20;14;280;Online;Mr.;Morning
522;29/12/2022;Panipuri;Fastfood;20;13;260;Cash;Mrs.;Midnight
523;03/11/2022;Frankie;Fastfood;50;6;300;Cash;Mr.;Afternoon
524;01/05/2022;Aalopuri;Fastfood;20;13;260;Online;Mr.;Afternoon
525;04/05/2022;Vadapav;Fastfood;20;3;60;Cash;Mr.;Midnight
526;04/07/2022;Sandwich;Fastfood;60;10;600;Cash;Mrs.;Evening
527;06/01/2023;Sugarcane juice;Beverages;25;6;150;Cash;Mrs.;Afternoon
528;01/07/2022;Sugarcane juice;Beverages;25;7;175;Cash;Mrs.;Midnight
529;15/05/2022;Aalopuri;Fastfood;20;12;240;;Mrs.;Afternoon
530;27/07/2022;Panipuri;Fastfood;20;6;120;Cash;Mrs.;Night
531;04/10/2022;Cold coffee;Beverages;40;10;400;Cash;Mr.;Night
532;27/03/2023;Panipuri;Fastfood;20;13;260;Online;Mrs.;Midnight
533;05/02/2023;Frankie;Fastfood;50;2;100;;Mrs.;Night
534;16/05/2022;Vadapav;Fastfood;20;2;40;Online;Mrs.;Night
535;05/09/2022;Sandwich;Fastfood;60;4;240;Online;Mr.;Midnight
536;01/03/2023;Sugarcane juice;Beverages;25;7;175;Cash;Mrs.;Evening
537;25/01/2023;Panipuri;Fastfood;20;3;60;Cash;Mr.;Evening
538;05/06/2022;Panipuri;Fastfood;20;7;140;Online;Mr.;Morning
539;07/09/2022;Panipuri;Fastfood;20;3;60;Online;Mr.;Evening
540;27/05/2022;Vadapav;Fastfood;20;13;260;Cash;Mr.;Afternoon
541;30/07/2022;Panipuri;Fastfood;20;12;240;Cash;Mr.;Night
542;04/08/2022;Sugarcane juice;Beverages;25;9;225;Cash;Mr.;Evening
543;10/04/2022;Aalopuri;Fastfood;20;15;300;Cash;Mrs.;Evening
544;14/12/2022;Sandwich;Fastfood;60;15;900;Online;Mrs.;Morning
545;01/01/2023;Sandwich;Fastfood;60;13;780;Online;Mrs.;Midnight
546;09/07/2022;Aalopuri;Fastfood;20;1;20;Cash;Mrs.;Midnight
547;14/05/2022;Cold coffee;Beverages;40;10;400;Online;Mr.;Morning
548;29/03/2023;Cold coffee;Beverages;40;14;560;Cash;Mr.;Afternoon
549;15/04/2022;Sugarcane juice;Beverages;25;3;75;Online;Mr.;Afternoon
550;15/11/2022;Cold coffee;Beverages;40;15;600;Online;Mr.;Afternoon
551;30/07/2022;Sugarcane juice;Beverages;25;7;175;Cash;Mr.;Evening
552;12/09/2022;Sugarcane juice;Beverages;25;15;375;Cash;Mrs.;Midnight
553;11/11/2022;Panipuri;Fastfood;20;14;280;Cash;Mr.;Evening
554;09/03/2023;Panipuri;Fastfood;20;4;80;Cash;Mrs.;Afternoon
555;16/04/2022;Sandwich;Fastfood;60;6;360;Cash;Mrs.;Evening
556;27/02/2023;Vadapav;Fastfood;20;9;180;Cash;Mrs.;Night
557;30/06/2022;Sandwich;Fastfood;60;2;120;Cash;Mrs.;Evening
558;01/10/2022;Panipuri;Fastfood;20;5;100;Online;Mr.;Morning
559;31/08/2022;Cold coffee;Beverages;40;5;200;Online;Mrs.;Night
560;10/12/2022;Sugarcane juice;Beverages;25;1;25;Cash;Mr.;Evening
561;13/06/2022;Panipuri;Fastfood;20;1;20;Cash;Mrs.;Midnight
562;09/08/2022;Frankie;Fastfood;50;4;200;Cash;Mr.;Afternoon
563;13/10/2022;Frankie;Fastfood;50;7;350;Online;Mrs.;Evening
564;27/09/2022;Cold coffee;Beverages;40;2;80;;Mr.;Morning
565;27/09/2022;Panipuri;Fastfood;20;15;300;Cash;Mr.;Evening
566;19/07/2022;Frankie;Fastfood;50;3;150;Cash;Mr.;Evening
567;16/10/2022;Cold coffee;Beverages;40;7;280;Online;Mrs.;Afternoon
568;29/12/2022;Panipuri;Fastfood;20;12;240;;Mrs.;Afternoon
569;02/01/2023;Cold coffee;Beverages;40;15;600;Online;Mrs.;Midnight
570;15/09/2022;Sugarcane juice;Beverages;25;4;100;Cash;Mr.;Morning
571;28/11/2022;Sugarcane juice;Beverages;25;1;25;Cash;Mrs.;Evening
572;02/04/2022;Sandwich;Fastfood;60;15;900;Cash;Mr.;Afternoon
573;07/09/2022;Frankie;Fastfood;50;2;100;Cash;Mr.;Afternoon
574;22/10/2022;Aalopuri;Fastfood;20;1;20;Cash;Mrs.;Night
575;24/12/2022;Vadapav;Fastfood;20;1;20;Online;Mrs.;Midnight
576;23/03/2023;Panipuri;Fastfood;20;12;240;Cash;Mrs.;Afternoon
577;06/09/2022;Cold coffee;Beverages;40;7;280;Cash;Mr.;Evening
578;30/06/2022;Frankie;Fastfood;50;5;250;Online;Mrs.;Night
579;27/04/2022;Panipuri;Fastfood;20;2;40;Cash;Mr.;Evening
580;01/07/2022;Panipuri;Fastfood;20;10;200;Online;Mr.;Night
581;23/04/2022;Sugarcane juice;Beverages;25;13;325;Cash;Mr.;Afternoon
582;12/05/2022;Aalopuri;Fastfood;20;13;260;Cash;Mr.;Morning
583;31/05/2022;Frankie;Fastfood;50;8;400;Cash;Mr.;Night
584;04/12/2022;Cold coffee;Beverages;40;15;600;Cash;Mr.;Morning
585;05/03/2023;Vadapav;Fastfood;20;11;220;Cash;Mrs.;Morning
586;22/05/2022;Sandwich;Fastfood;60;15;900;Online;Mr.;Night
587;09/04/2022;Aalopuri;Fastfood;20;10;200;Cash;Mrs.;Night
588;16/06/2022;Frankie;Fastfood;50;11;550;Cash;Mrs.;Morning
589;25/08/2022;Cold coffee;Beverages;40;5;200;Cash;Mr.;Night
590;27/03/2023;Panipuri;Fastfood;20;15;300;Online;Mr.;Midnight
591;01/10/2022;Sandwich;Fastfood;60;13;780;Cash;Mrs.;Morning
592;04/12/2022;Sugarcane juice;Beverages;25;7;175;Cash;Mr.;Morning
593;16/02/2023;Sugarcane juice;Beverages;25;9;225;Cash;Mrs.;Evening
594;20/01/2023;Frankie;Fastfood;50;6;300;Cash;Mrs.;Morning
595;22/02/2023;Frankie;Fastfood;50;9;450;Online;Mr.;Afternoon
596;26/04/2022;Cold coffee;Beverages;40;1;40;Online;Mrs.;Night
597;30/11/2022;Panipuri;Fastfood;20;10;200;Online;Mr.;Midnight
598;02/08/2022;Cold coffee;Beverages;40;8;320;Cash;Mrs.;Afternoon
599;03/10/2022;Frankie;Fastfood;50;13;650;Cash;Mr.;Morning
600;24/12/2022;Panipuri;Fastfood;20;6;120;Cash;Mrs.;Morning
601;01/11/2022;Aalopuri;Fastfood;20;12;240;Online;Mr.;Morning
602;27/08/2022;Aalopuri;Fastfood;20;10;200;Cash;Mr.;Night
603;31/08/2022;Vadapav;Fastfood;20;10;200;Cash;Mrs.;Afternoon
604;08/09/2022;Frankie;Fastfood;50;10;500;Cash;Mrs.;Night
605;04/04/2022;Cold coffee;Beverages;40;15;600;;Mrs.;Afternoon
606;09/04/2022;Cold coffee;Beverages;40;6;240;Cash;Mrs.;Night
607;15/12/2022;Vadapav;Fastfood;20;9;180;Cash;Mrs.;Afternoon
608;28/02/2023;Aalopuri;Fastfood;20;1;20;Online;Mr.;Midnight
609;07/02/2023;Aalopuri;Fastfood;20;14;280;;Mr.;Midnight
610;08/05/2022;Frankie;Fastfood;50;13;650;Online;Mrs.;Evening
611;25/06/2022;Aalopuri;Fastfood;20;2;40;Online;Mrs.;Morning
612;06/02/2023;Aalopuri;Fastfood;20;3;60;Online;Mr.;Midnight
613;10/06/2022;Vadapav;Fastfood;20;5;100;Online;Mrs.;Night
614;19/12/2022;Vadapav;Fastfood;20;2;40;;Mr.;Morning
615;14/08/2022;Sandwich;Fastfood;60;14;840;;Mr.;Morning
616;15/07/2022;Vadapav;Fastfood;20;6;120;Online;Mrs.;Midnight
617;28/06/2022;Sugarcane juice;Beverages;25;2;50;Cash;Mr.;Night
618;08/04/2022;Frankie;Fastfood;50;1;50;Online;Mr.;Evening
619;09/09/2022;Sugarcane juice;Beverages;25;4;100;Cash;Mrs.;Morning
620;14/09/2022;Panipuri;Fastfood;20;12;240;Online;Mrs.;Evening
621;13/02/2023;Aalopuri;Fastfood;20;2;40;Online;Mrs.;Evening
622;14/12/2022;Panipuri;Fastfood;20;13;260;Online;Mr.;Afternoon
623;02/04/2022;Cold coffee;Beverages;40;15;600;Cash;Mr.;Midnight
624;08/03/2023;Sandwich;Fastfood;60;9;540;Cash;Mrs.;Morning
625;17/06/2022;Sandwich;Fastfood;60;15;900;Online;Mr.;Morning
626;01/02/2023;Cold coffee;Beverages;40;15;600;Cash;Mr.;Night
627;22/06/2022;Sugarcane juice;Beverages;25;15;375;Online;Mr.;Afternoon
628;02/05/2022;Cold coffee;Beverages;40;10;400;;Mrs.;Night
629;20/01/2023;Sugarcane juice;Beverages;25;9;225;Cash;Mrs.;Evening
630;27/05/2022;Frankie;Fastfood;50;7;350;;Mrs.;Morning
631;01/07/2022;Cold coffee;Beverages;40;13;520;Cash;Mrs.;Evening
632;28/10/2022;Panipuri;Fastfood;20;9;180;Online;Mrs.;Night
633;24/05/2022;Cold coffee;Beverages;40;3;120;Online;Mr.;Evening
634;26/07/2022;Panipuri;Fastfood;20;13;260;Cash;Mr.;Afternoon
635;06/02/2023;Vadapav;Fastfood;20;15;300;Online;Mrs.;Night
636;26/04/2022;Cold coffee;Beverages;40;12;480;;Mr.;Morning
637;14/05/2022;Aalopuri;Fastfood;20;7;140;Cash;Mr.;Midnight
638;20/08/2022;Cold coffee;Beverages;40;11;440;Online;Mrs.;Afternoon
639;26/01/2023;Vadapav;Fastfood;20;14;280;Cash;Mrs.;Morning
640;04/01/2023;Sandwich;Fastfood;60;15;900;Online;Mr.;Night
641;09/02/2023;Vadapav;Fastfood;20;15;300;Cash;Mr.;Afternoon
642;09/05/2022;Cold coffee;Beverages;40;10;400;Online;Mrs.;Morning
643;20/10/2022;Sugarcane juice;Beverages;25;2;50;Cash;Mr.;Afternoon
644;03/02/2023;Panipuri;Fastfood;20;5;100;Online;Mrs.;Evening
645;26/07/2022;Sandwich;Fastfood;60;9;540;Cash;Mrs.;Night
646;30/08/2022;Vadapav;Fastfood;20;14;280;Online;Mrs.;Afternoon
647;05/06/2022;Vadapav;Fastfood;20;3;60;Cash;Mr.;Afternoon
648;27/05/2022;Sandwich;Fastfood;60;7;420;Cash;Mr.;Night
649;05/11/2022;Frankie;Fastfood;50;9;450;Cash;Mr.;Midnight
650;07/04/2022;Sandwich;Fastfood;60;13;780;Online;Mrs.;Morning
651;11/07/2022;Sandwich;Fastfood;60;10;600;Online;Mrs.;Midnight
652;21/05/2022;Cold coffee;Beverages;40;13;520;Online;Mrs.;Afternoon
653;30/05/2022;Frankie;Fastfood;50;10;500;Online;Mrs.;Midnight
654;04/03/2023;Vadapav;Fastfood;20;9;180;Cash;Mrs.;Morning
655;30/06/2022;Sugarcane juice;Beverages;25;12;300;Online;Mr.;Morning
656;28/11/2022;Sandwich;Fastfood;60;6;360;Online;Mrs.;Midnight
657;10/01/2023;Cold coffee;Beverages;40;7;280;;Mr.;Midnight
658;10/10/2022;Aalopuri;Fastfood;20;12;240;;Mrs.;Afternoon
659;21/01/2023;Panipuri;Fastfood;20;2;40;Online;Mr.;Afternoon
660;25/07/2022;Sandwich;Fastfood;60;9;540;Cash;Mrs.;Night
661;11/10/2022;Frankie;Fastfood;50;7;350;Online;Mrs.;Midnight
662;15/02/2023;Panipuri;Fastfood;20;3;60;Online;Mrs.;Afternoon
663;05/02/2023;Sugarcane juice;Beverages;25;1;25;Online;Mr.;Night
664;31/10/2022;Frankie;Fastfood;50;10;500;Online;Mrs.;Morning
665;06/05/2022;Aalopuri;Fastfood;20;14;280;Online;Mrs.;Evening
666;25/01/2023;Panipuri;Fastfood;20;9;180;Cash;Mr.;Evening
667;28/09/2022;Vadapav;Fastfood;20;3;60;Cash;Mrs.;Evening
668;11/05/2022;Aalopuri;Fastfood;20;4;80;Online;Mr.;Morning
669;18/03/2023;Sandwich;Fastfood;60;11;660;Online;Mr.;Evening
670;05/07/2022;Panipuri;Fastfood;20;15;300;Cash;Mr.;Night
671;09/10/2022;Sandwich;Fastfood;60;2;120;Online;Mr.;Afternoon
672;24/11/2022;Cold coffee;Beverages;40;3;120;;Mrs.;Evening
673;17/09/2022;Sandwich;Fastfood;60;12;720;Cash;Mr.;Midnight
674;17/07/2022;Sugarcane juice;Beverages;25;13;325;;Mr.;Morning
675;17/04/2022;Sandwich;Fastfood;60;12;720;Cash;Mr.;Night
676;04/05/2022;Frankie;Fastfood;50;7;350;Cash;Mrs.;Evening
677;19/05/2022;Cold coffee;Beverages;40;3;120;Online;Mrs.;Morning
678;23/05/2022;Aalopuri;Fastfood;20;3;60;Online;Mr.;Evening
679;02/11/2022;Sandwich;Fastfood;60;12;720;Online;Mr.;Morning
680;20/04/2022;Cold coffee;Beverages;40;4;160;Cash;Mr.;Night
681;09/12/2022;Frankie;Fastfood;50;9;450;Online;Mrs.;Night
682;11/10/2022;Aalopuri;Fastfood;20;14;280;Online;Mr.;Midnight
683;12/08/2022;Frankie;Fastfood;50;15;750;Cash;Mr.;Midnight
684;18/09/2022;Vadapav;Fastfood;20;5;100;Cash;Mr.;Afternoon
685;20/05/2022;Aalopuri;Fastfood;20;3;60;Cash;Mrs.;Afternoon
686;25/11/2022;Cold coffee;Beverages;40;5;200;Cash;Mr.;Afternoon
687;18/12/2022;Vadapav;Fastfood;20;10;200;Cash;Mrs.;Midnight
688;14/05/2022;Frankie;Fastfood;50;5;250;Online;Mr.;Afternoon
689;13/08/2022;Vadapav;Fastfood;20;6;120;Cash;Mrs.;Afternoon
690;05/10/2022;Vadapav;Fastfood;20;9;180;Cash;Mrs.;Night
691;01/04/2022;Sandwich;Fastfood;60;7;420;Cash;Mrs.;Evening
692;13/01/2023;Frankie;Fastfood;50;14;700;Online;Mr.;Afternoon
693;29/11/2022;Sugarcane juice;Beverages;25;13;325;Online;Mrs.;Midnight
694;22/04/2022;Panipuri;Fastfood;20;14;280;Cash;Mr.;Midnight
695;24/08/2022;Panipuri;Fastfood;20;10;200;Online;Mrs.;Midnight
696;23/02/2023;Sugarcane juice;Beverages;25;3;75;Online;Mrs.;Evening
697;05/05/2022;Sugarcane juice;Beverages;25;5;125;Cash;Mr.;Midnight
698;26/11/2022;Panipuri;Fastfood;20;10;200;Online;Mr.;Night
699;09/09/2022;Cold coffee;Beverages;40;1;40;Online;Mr.;Evening
700;15/11/2022;Frankie;Fastfood;50;6;300;Cash;Mrs.;Evening
701;19/07/2022;Sugarcane juice;Beverages;25;14;350;Online;Mrs.;Evening
702;25/03/2023;Cold coffee;Beverages;40;13;520;Cash;Mrs.;Afternoon
703;01/11/2022;Panipuri;Fastfood;20;10;200;Online;Mrs.;Afternoon
704;14/08/2022;Sandwich;Fastfood;60;1;60;Online;Mrs.;Evening
705;07/10/2022;Sandwich;Fastfood;60;6;360;Online;Mr.;Evening
706;05/02/2023;Frankie;Fastfood;50;8;400;Online;Mr.;Night
707;16/12/2022;Panipuri;Fastfood;20;2;40;Online;Mr.;Night
708;15/03/2023;Sandwich;Fastfood;60;5;300;Cash;Mrs.;Midnight
709;22/02/2023;Cold coffee;Beverages;40;6;240;Cash;Mr.;Morning
710;15/03/2023;Sandwich;Fastfood;60;15;900;;Mr.;Night
711;30/10/2022;Aalopuri;Fastfood;20;3;60;Cash;Mr.;Afternoon
712;17/12/2022;Vadapav;Fastfood;20;3;60;Online;Mrs.;Midnight
713;02/12/2022;Sugarcane juice;Beverages;25;14;350;Online;Mrs.;Morning
714;14/12/2022;Sugarcane juice;Beverages;25;14;350;Cash;Mr.;Afternoon
715;12/04/2022;Sandwich;Fastfood;60;1;60;Online;Mr.;Morning
716;03/12/2022;Panipuri;Fastfood;20;9;180;Cash;Mrs.;Midnight
717;11/10/2022;Sugarcane juice;Beverages;25;15;375;;Mrs.;Evening
718;28/12/2022;Aalopuri;Fastfood;20;2;40;Online;Mr.;Afternoon
719;09/05/2022;Vadapav;Fastfood;20;15;300;Cash;Mrs.;Midnight
720;10/05/2022;Frankie;Fastfood;50;14;700;Cash;Mrs.;Morning
721;13/08/2022;Panipuri;Fastfood;20;12;240;;Mr.;Afternoon
722;14/09/2022;Vadapav;Fastfood;20;15;300;;Mr.;Midnight
723;16/02/2023;Cold coffee;Beverages;40;10;400;Online;Mr.;Evening
724;27/06/2022;Frankie;Fastfood;50;10;500;Cash;Mrs.;Night
725;04/07/2022;Vadapav;Fastfood;20;6;120;Online;Mrs.;Afternoon
726;11/09/2022;Panipuri;Fastfood;20;1;20;Online;Mr.;Morning
727;25/08/2022;Aalopuri;Fastfood;20;5;100;Cash;Mrs.;Midnight
728;03/08/2022;Vadapav;Fastfood;20;1;20;Online;Mr.;Midnight
729;24/11/2022;Sandwich;Fastfood;60;7;420;Cash;Mr.;Night
730;28/06/2022;Frankie;Fastfood;50;13;650;Cash;Mrs.;Afternoon
731;09/03/2023;Frankie;Fastfood;50;10;500;Cash;Mrs.;Afternoon
732;13/06/2022;Panipuri;Fastfood;20;7;140;;Mrs.;Midnight
733;03/02/2023;Frankie;Fastfood;50;10;500;Cash;Mr.;Evening
734;07/10/2022;Frankie;Fastfood;50;7;350;Cash;Mr.;Evening
735;10/08/2022;Panipuri;Fastfood;20;11;220;Cash;Mr.;Morning
736;25/09/2022;Panipuri;Fastfood;20;13;260;;Mr.;Afternoon
737;20/09/2022;Frankie;Fastfood;50;13;650;Online;Mrs.;Night
738;01/03/2023;Sandwich;Fastfood;60;4;240;Online;Mrs.;Morning
739;06/06/2022;Aalopuri;Fastfood;20;11;220;Online;Mr.;Night
740;30/07/2022;Aalopuri;Fastfood;20;9;180;Cash;Mr.;Midnight
741;16/07/2022;Aalopuri;Fastfood;20;5;100;Online;Mr.;Afternoon
742;18/11/2022;Panipuri;Fastfood;20;14;280;Online;Mr.;Night
743;09/11/2022;Panipuri;Fastfood;20;1;20;Cash;Mr.;Morning
744;25/06/2022;Frankie;Fastfood;50;10;500;Cash;Mrs.;Morning
745;11/09/2022;Aalopuri;Fastfood;20;2;40;Online;Mr.;Evening
746;05/08/2022;Sugarcane juice;Beverages;25;5;125;Online;Mrs.;Midnight
747;14/01/2023;Cold coffee;Beverages;40;3;120;Cash;Mrs.;Midnight
748;20/09/2022;Sandwich;Fastfood;60;14;840;Cash;Mrs.;Night
749;31/08/2022;Vadapav;Fastfood;20;11;220;Cash;Mr.;Morning
750;01/02/2023;Frankie;Fastfood;50;1;50;Online;Mr.;Evening
751;16/09/2022;Vadapav;Fastfood;20;2;40;Cash;Mr.;Afternoon
752;04/06/2022;Panipuri;Fastfood;20;2;40;Online;Mrs.;Morning
753;26/06/2022;Sugarcane juice;Beverages;25;1;25;Cash;Mr.;Midnight
754;29/12/2022;Sugarcane juice;Beverages;25;14;350;Cash;Mrs.;Evening
755;02/01/2023;Aalopuri;Fastfood;20;12;240;Cash;Mrs.;Night
756;21/10/2022;Sugarcane juice;Beverages;25;10;250;Online;Mrs.;Morning
757;25/12/2022;Sugarcane juice;Beverages;25;11;275;Online;Mr.;Morning
758;25/09/2022;Vadapav;Fastfood;20;3;60;Cash;Mrs.;Evening
759;25/12/2022;Sugarcane juice;Beverages;25;13;325;Online;Mr.;Midnight
760;14/11/2022;Sugarcane juice;Beverages;25;1;25;Online;Mrs.;Evening
761;12/11/2022;Sandwich;Fastfood;60;3;180;;Mrs.;Midnight
762;09/04/2022;Vadapav;Fastfood;20;12;240;Online;Mrs.;Midnight
763;04/07/2022;Vadapav;Fastfood;20;14;280;;Mrs.;Night
764;14/02/2023;Sandwich;Fastfood;60;7;420;Cash;Mrs.;Night
765;15/06/2022;Sandwich;Fastfood;60;13;780;Cash;Mr.;Night
766;19/06/2022;Sandwich;Fastfood;60;10;600;Online;Mrs.;Morning
767;26/02/2023;Frankie;Fastfood;50;8;400;Cash;Mrs.;Afternoon
768;12/01/2023;Sandwich;Fastfood;60;14;840;Cash;Mr.;Afternoon
769;07/06/2022;Frankie;Fastfood;50;8;400;Cash;Mr.;Morning
770;22/02/2023;Aalopuri;Fastfood;20;8;160;Cash;Mrs.;Morning
771;15/08/2022;Panipuri;Fastfood;20;5;100;Online;Mrs.;Midnight
772;20/03/2023;Cold coffee;Beverages;40;9;360;Cash;Mr.;Evening
773;14/08/2022;Cold coffee;Beverages;40;7;280;Online;Mr.;Afternoon
774;15/03/2023;Vadapav;Fastfood;20;1;20;Online;Mrs.;Night
775;27/03/2023;Sandwich;Fastfood;60;6;360;Cash;Mr.;Night
776;07/02/2023;Frankie;Fastfood;50;10;500;Cash;Mr.;Midnight
777;23/10/2022;Panipuri;Fastfood;20;13;260;Cash;Mr.;Morning
778;11/06/2022;Frankie;Fastfood;50;13;650;Cash;Mr.;Evening
779;16/01/2023;Sandwich;Fastfood;60;13;780;;Mr.;Night
780;27/11/2022;Sugarcane juice;Beverages;25;13;325;Online;Mrs.;Afternoon
781;27/05/2022;Aalopuri;Fastfood;20;10;200;Online;Mr.;Midnight
782;16/12/2022;Aalopuri;Fastfood;20;5;100;Online;Mr.;Night
783;29/04/2022;Aalopuri;Fastfood;20;8;160;Cash;Mr.;Morning
784;09/07/2022;Vadapav;Fastfood;20;8;160;Cash;Mrs.;Morning
785;07/12/2022;Aalopuri;Fastfood;20;2;40;Online;Mr.;Afternoon
786;13/03/2023;Sandwich;Fastfood;60;14;840;Online;Mrs.;Night
787;25/03/2023;Aalopuri;Fastfood;20;2;40;Cash;Mrs.;Afternoon
788;13/08/2022;Sugarcane juice;Beverages;25;7;175;Online;Mr.;Afternoon
789;03/08/2022;Sugarcane juice;Beverages;25;7;175;Cash;Mr.;Morning
790;20/07/2022;Panipuri;Fastfood;20;3;60;Cash;Mrs.;Evening
791;07/04/2022;Vadapav;Fastfood;20;3;60;;Mr.;Midnight
792;25/02/2023;Vadapav;Fastfood;20;2;40;Cash;Mrs.;Morning
793;30/08/2022;Sandwich;Fastfood;60;6;360;Cash;Mrs.;Night
794;02/10/2022;Sugarcane juice;Beverages;25;5;125;Online;Mr.;Afternoon
795;10/01/2023;Vadapav;Fastfood;20;9;180;Cash;Mr.;Evening
796;25/06/2022;Sugarcane juice;Beverages;25;14;350;Online;Mr.;Night
797;26/11/2022;Cold coffee;Beverages;40;11;440;Cash;Mr.;Night
798;22/05/2022;Frankie;Fastfood;50;12;600;;Mr.;Night
799;11/01/2023;Panipuri;Fastfood;20;1;20;Online;Mrs.;Night
800;06/11/2022;Cold coffee;Beverages;40;14;560;Cash;Mr.;Night
801;28/04/2022;Aalopuri;Fastfood;20;7;140;Cash;Mrs.;Evening
802;23/01/2023;Sandwich;Fastfood;60;7;420;Online;Mrs.;Afternoon
803;27/08/2022;Vadapav;Fastfood;20;5;100;;Mr.;Night
804;11/10/2022;Cold coffee;Beverages;40;12;480;Online;Mrs.;Night
805;08/05/2022;Sugarcane juice;Beverages;25;1;25;Online;Mr.;Afternoon
806;23/05/2022;Vadapav;Fastfood;20;3;60;Online;Mr.;Evening
807;13/06/2022;Frankie;Fastfood;50;1;50;Online;Mrs.;Midnight
808;21/09/2022;Panipuri;Fastfood;20;1;20;Online;Mr.;Morning
809;12/12/2022;Panipuri;Fastfood;20;10;200;Online;Mr.;Evening
810;27/12/2022;Vadapav;Fastfood;20;3;60;Online;Mr.;Morning
811;02/03/2023;Aalopuri;Fastfood;20;13;260;Cash;Mr.;Afternoon
812;08/08/2022;Panipuri;Fastfood;20;5;100;Cash;Mr.;Afternoon
813;13/10/2022;Panipuri;Fastfood;20;10;200;Online;Mr.;Afternoon
814;05/10/2022;Vadapav;Fastfood;20;13;260;Cash;Mrs.;Midnight
815;20/04/2022;Cold coffee;Beverages;40;12;480;Online;Mrs.;Afternoon
816;11/01/2023;Sugarcane juice;Beverages;25;11;275;Cash;Mr.;Morning
817;21/05/2022;Aalopuri;Fastfood;20;12;240;Cash;Mrs.;Evening
818;28/02/2023;Frankie;Fastfood;50;6;300;Cash;Mr.;Night
819;12/10/2022;Vadapav;Fastfood;20;10;200;Cash;Mr.;Evening
820;24/02/2023;Aalopuri;Fastfood;20;3;60;;Mr.;Midnight
821;24/07/2022;Aalopuri;Fastfood;20;12;240;Cash;Mrs.;Midnight
822;17/06/2022;Panipuri;Fastfood;20;12;240;Online;Mr.;Morning
823;13/02/2023;Panipuri;Fastfood;20;11;220;Online;Mr.;Midnight
824;18/01/2023;Vadapav;Fastfood;20;2;40;Online;Mrs.;Evening
825;30/10/2022;Panipuri;Fastfood;20;14;280;Cash;Mrs.;Morning
826;02/12/2022;Sandwich;Fastfood;60;15;900;Cash;Mrs.;Night
827;06/01/2023;Sandwich;Fastfood;60;12;720;Cash;Mr.;Midnight
828;18/08/2022;Panipuri;Fastfood;20;6;120;Cash;Mr.;Evening
829;19/09/2022;Cold coffee;Beverages;40;6;240;Cash;Mr.;Night
830;28/11/2022;Cold coffee;Beverages;40;9;360;;Mr.;Night
831;01/08/2022;Frankie;Fastfood;50;5;250;Online;Mrs.;Morning
832;06/06/2022;Sugarcane juice;Beverages;25;4;100;Cash;Mr.;Morning
833;01/09/2022;Panipuri;Fastfood;20;2;40;Online;Mrs.;Evening
834;25/05/2022;Sugarcane juice;Beverages;25;14;350;Cash;Mr.;Evening
835;27/09/2022;Sugarcane juice;Beverages;25;7;175;Online;Mr.;Afternoon
836;31/08/2022;Vadapav;Fastfood;20;2;40;Cash;Mrs.;Midnight
837;19/05/2022;Aalopuri;Fastfood;20;7;140;Cash;Mr.;Midnight
838;31/07/2022;Cold coffee;Beverages;40;9;360;Online;Mrs.;Morning
839;08/05/2022;Sugarcane juice;Beverages;25;4;100;Cash;Mrs.;Afternoon
840;18/02/2023;Cold coffee;Beverages;40;15;600;;Mrs.;Midnight
841;03/02/2023;Vadapav;Fastfood;20;9;180;Cash;Mr.;Night
842;25/05/2022;Panipuri;Fastfood;20;2;40;Cash;Mrs.;Evening
843;04/07/2022;Sugarcane juice;Beverages;25;1;25;Cash;Mrs.;Morning
844;04/05/2022;Sugarcane juice;Beverages;25;13;325;Cash;Mr.;Morning
845;01/07/2022;Cold coffee;Beverages;40;6;240;Online;Mrs.;Evening
846;20/04/2022;Aalopuri;Fastfood;20;5;100;Online;Mr.;Afternoon
847;14/08/2022;Panipuri;Fastfood;20;11;220;Online;Mr.;Midnight
848;10/11/2022;Frankie;Fastfood;50;9;450;Cash;Mr.;Night
849;03/11/2022;Cold coffee;Beverages;40;10;400;Cash;Mrs.;Night
850;20/08/2022;Vadapav;Fastfood;20;3;60;Online;Mrs.;Afternoon
851;28/01/2023;Aalopuri;Fastfood;20;15;300;Online;Mrs.;Night
852;05/05/2022;Sugarcane juice;Beverages;25;8;200;Online;Mr.;Night
853;17/02/2023;Cold coffee;Beverages;40;3;120;Online;Mrs.;Midnight
854;14/10/2022;Cold coffee;Beverages;40;14;560;Online;Mrs.;Night
855;23/10/2022;Vadapav;Fastfood;20;5;100;Online;Mr.;Evening
856;04/05/2022;Aalopuri;Fastfood;20;11;220;Cash;Mrs.;Night
857;08/11/2022;Sugarcane juice;Beverages;25;14;350;Online;Mrs.;Evening
858;22/11/2022;Cold coffee;Beverages;40;9;360;Cash;Mr.;Evening
859;08/10/2022;Sandwich;Fastfood;60;11;660;Cash;Mrs.;Midnight
860;16/07/2022;Cold coffee;Beverages;40;5;200;Cash;Mr.;Night
861;24/01/2023;Sugarcane juice;Beverages;25;8;200;Cash;Mrs.;Night
862;10/03/2023;Frankie;Fastfood;50;7;350;Online;Mr.;Night
863;08/09/2022;Frankie;Fastfood;50;9;450;Online;Mr.;Night
864;20/08/2022;Cold coffee;Beverages;40;9;360;Online;Mr.;Morning
865;23/01/2023;Sugarcane juice;Beverages;25;6;150;Cash;Mrs.;Night
866;13/08/2022;Frankie;Fastfood;50;10;500;Online;Mr.;Midnight
867;26/01/2023;Frankie;Fastfood;50;15;750;Cash;Mr.;Midnight
868;17/08/2022;Aalopuri;Fastfood;20;13;260;Cash;Mrs.;Evening
869;26/06/2022;Panipuri;Fastfood;20;9;180;Online;Mr.;Midnight
870;31/10/2022;Cold coffee;Beverages;40;5;200;Online;Mrs.;Afternoon
871;07/12/2022;Vadapav;Fastfood;20;14;280;;Mrs.;Evening
872;14/07/2022;Sandwich;Fastfood;60;12;720;Cash;Mr.;Afternoon
873;09/05/2022;Sugarcane juice;Beverages;25;1;25;Online;Mr.;Night
874;09/05/2022;Cold coffee;Beverages;40;4;160;Cash;Mr.;Midnight
875;05/08/2022;Vadapav;Fastfood;20;15;300;Cash;Mr.;Evening
876;10/06/2022;Cold coffee;Beverages;40;8;320;Online;Mrs.;Evening
877;27/10/2022;Sugarcane juice;Beverages;25;14;350;Cash;Mrs.;Afternoon
878;12/08/2022;Sandwich;Fastfood;60;6;360;Online;Mr.;Evening
879;06/11/2022;Cold coffee;Beverages;40;9;360;Cash;Mrs.;Evening
880;25/06/2022;Sugarcane juice;Beverages;25;5;125;Cash;Mrs.;Morning
881;25/05/2022;Sandwich;Fastfood;60;2;120;Cash;Mr.;Midnight
882;23/04/2022;Panipuri;Fastfood;20;9;180;Online;Mr.;Morning
883;24/08/2022;Aalopuri;Fastfood;20;5;100;Online;Mrs.;Midnight
884;01/03/2023;Vadapav;Fastfood;20;12;240;Online;Mr.;Night
885;16/10/2022;Sugarcane juice;Beverages;25;4;100;Cash;Mr.;Evening
886;21/07/2022;Sugarcane juice;Beverages;25;4;100;Cash;Mrs.;Night
887;24/10/2022;Aalopuri;Fastfood;20;3;60;Cash;Mr.;Morning
888;05/09/2022;Vadapav;Fastfood;20;8;160;Cash;Mr.;Evening
889;12/04/2022;Vadapav;Fastfood;20;10;200;Online;Mr.;Midnight
890;03/03/2023;Sugarcane juice;Beverages;25;5;125;Cash;Mrs.;Morning
891;27/12/2022;Cold coffee;Beverages;40;11;440;Cash;Mr.;Midnight
892;14/07/2022;Sugarcane juice;Beverages;25;7;175;Online;Mrs.;Evening
893;13/07/2022;Sugarcane juice;Beverages;25;12;300;Cash;Mrs.;Afternoon
894;19/03/2023;Sandwich;Fastfood;60;15;900;Cash;Mr.;Morning
895;03/01/2023;Sugarcane juice;Beverages;25;11;275;Cash;Mr.;Afternoon
896;30/10/2022;Aalopuri;Fastfood;20;13;260;Cash;Mr.;Night
897;22/08/2022;Aalopuri;Fastfood;20;6;120;Online;Mr.;Morning
898;02/03/2023;Frankie;Fastfood;50;8;400;Cash;Mr.;Afternoon
899;24/01/2023;Aalopuri;Fastfood;20;7;140;Cash;Mr.;Midnight
900;07/12/2022;Sugarcane juice;Beverages;25;9;225;Online;Mr.;Afternoon
901;24/12/2022;Vadapav;Fastfood;20;7;140;Online;Mrs.;Morning
902;23/11/2022;Frankie;Fastfood;50;4;200;Online;Mr.;Afternoon
903;01/01/2023;Aalopuri;Fastfood;20;15;300;Online;Mr.;Night
904;12/03/2023;Aalopuri;Fastfood;20;4;80;Cash;Mrs.;Midnight
905;13/12/2022;Frankie;Fastfood;50;15;750;Cash;Mrs.;Midnight
906;04/04/2022;Sandwich;Fastfood;60;15;900;Cash;Mr.;Afternoon
907;19/10/2022;Cold coffee;Beverages;40;4;160;;Mrs.;Midnight
908;06/03/2023;Sandwich;Fastfood;60;7;420;Cash;Mrs.;Night
909;21/02/2023;Cold coffee;Beverages;40;12;480;Online;Mrs.;Morning
910;09/10/2022;Panipuri;Fastfood;20;1;20;Cash;Mrs.;Afternoon
911;09/04/2022;Sandwich;Fastfood;60;1;60;Cash;Mr.;Evening
912;17/09/2022;Aalopuri;Fastfood;20;6;120;Cash;Mr.;Evening
913;15/02/2023;Frankie;Fastfood;50;15;750;Online;Mr.;Evening
914;01/03/2023;Sandwich;Fastfood;60;14;840;Cash;Mr.;Night
915;07/10/2022;Cold coffee;Beverages;40;7;280;Online;Mr.;Afternoon
916;17/11/2022;Cold coffee;Beverages;40;15;600;;Mrs.;Afternoon
917;15/05/2022;Vadapav;Fastfood;20;15;300;Online;Mr.;Evening
918;12/11/2022;Panipuri;Fastfood;20;6;120;Cash;Mr.;Evening
919;03/01/2023;Vadapav;Fastfood;20;8;160;Online;Mrs.;Evening
920;12/07/2022;Frankie;Fastfood;50;13;650;Online;Mr.;Evening
921;21/09/2022;Vadapav;Fastfood;20;14;280;Cash;Mr.;Midnight
922;13/06/2022;Frankie;Fastfood;50;5;250;Online;Mrs.;Evening
923;30/05/2022;Cold coffee;Beverages;40;3;120;Online;Mr.;Morning
924;17/12/2022;Panipuri;Fastfood;20;14;280;Cash;Mr.;Afternoon
925;10/04/2022;Frankie;Fastfood;50;4;200;Online;Mrs.;Afternoon
926;27/02/2023;Frankie;Fastfood;50;15;750;Cash;Mrs.;Afternoon
927;02/12/2022;Cold coffee;Beverages;40;6;240;;Mrs.;Evening
928;07/04/2022;Sandwich;Fastfood;60;11;660;Online;Mr.;Evening
929;06/06/2022;Frankie;Fastfood;50;9;450;Online;Mrs.;Night
930;27/11/2022;Sugarcane juice;Beverages;25;10;250;Online;Mr.;Night
931;26/06/2022;Aalopuri;Fastfood;20;15;300;Cash;Mr.;Afternoon
932;18/10/2022;Sandwich;Fastfood;60;9;540;Online;Mr.;Afternoon
933;21/01/2023;Sugarcane juice;Beverages;25;15;375;Online;Mrs.;Afternoon
934;19/09/2022;Cold coffee;Beverages;40;4;160;Cash;Mrs.;Afternoon
935;17/02/2023;Sandwich;Fastfood;60;12;720;Cash;Mr.;Midnight
936;10/08/2022;Panipuri;Fastfood;20;2;40;;Mr.;Midnight
937;22/06/2022;Panipuri;Fastfood;20;4;80;Cash;Mr.;Night
938;10/08/2022;Sugarcane juice;Beverages;25;14;350;Cash;Mr.;Evening
939;19/02/2023;Vadapav;Fastfood;20;15;300;Online;Mr.;Midnight
940;07/02/2023;Sugarcane juice;Beverages;25;14;350;Online;Mrs.;Midnight
941;10/02/2023;Cold coffee;Beverages;40;10;400;Online;Mrs.;Morning
942;20/07/2022;Frankie;Fastfood;50;6;300;Cash;Mr.;Night
943;30/06/2022;Vadapav;Fastfood;20;6;120;Cash;Mrs.;Night
944;12/05/2022;Aalopuri;Fastfood;20;2;40;Cash;Mr.;Midnight
945;15/05/2022;Cold coffee;Beverages;40;2;80;Online;Mrs.;Afternoon
946;21/02/2023;Sandwich;Fastfood;60;8;480;Cash;Mr.;Midnight
947;16/08/2022;Aalopuri;Fastfood;20;11;220;Online;Mr.;Night
948;16/01/2023;Sandwich;Fastfood;60;10;600;Online;Mr.;Evening
949;07/01/2023;Panipuri;Fastfood;20;1;20;Cash;Mrs.;Evening
950;25/09/2022;Frankie;Fastfood;50;6;300;Online;Mrs.;Evening
951;11/11/2022;Panipuri;Fastfood;20;11;220;Cash;Mrs.;Afternoon
952;24/09/2022;Aalopuri;Fastfood;20;14;280;Cash;Mrs.;Evening
953;10/11/2022;Sandwich;Fastfood;60;2;120;Online;Mrs.;Afternoon
954;31/01/2023;Aalopuri;Fastfood;20;3;60;Cash;Mrs.;Midnight
955;27/01/2023;Sugarcane juice;Beverages;25;7;175;Online;Mr.;Afternoon
956;30/04/2022;Frankie;Fastfood;50;13;650;Online;Mr.;Morning
957;08/02/2023;Panipuri;Fastfood;20;3;60;Online;Mrs.;Midnight
958;22/05/2022;Sandwich;Fastfood;60;11;660;Online;Mrs.;Night
959;28/11/2022;Vadapav;Fastfood;20;8;160;Online;Mrs.;Midnight
960;12/08/2022;Sugarcane juice;Beverages;25;15;375;Online;Mrs.;Evening
961;14/03/2023;Frankie;Fastfood;50;13;650;Cash;Mr.;Night
962;18/05/2022;Frankie;Fastfood;50;13;650;Online;Mrs.;Afternoon
963;05/10/2022;Vadapav;Fastfood;20;6;120;Cash;Mrs.;Morning
964;07/05/2022;Cold coffee;Beverages;40;8;320;Cash;Mr.;Evening
965;08/10/2022;Frankie;Fastfood;50;5;250;Online;Mrs.;Night
966;19/03/2023;Panipuri;Fastfood;20;11;220;Online;Mrs.;Morning
967;29/06/2022;Cold coffee;Beverages;40;14;560;Cash;Mr.;Afternoon
968;09/08/2022;Cold coffee;Beverages;40;15;600;Cash;Mrs.;Morning
969;06/11/2022;Cold coffee;Beverages;40;11;440;Cash;Mr.;Morning
970;21/11/2022;Aalopuri;Fastfood;20;5;100;Online;Mrs.;Afternoon
971;02/10/2022;Frankie;Fastfood;50;2;100;Cash;Mrs.;Morning
972;11/03/2023;Aalopuri;Fastfood;20;1;20;Cash;Mrs.;Afternoon
973;07/06/2022;Sugarcane juice;Beverages;25;1;25;;Mrs.;Morning
974;28/01/2023;Vadapav;Fastfood;20;13;260;Online;Mr.;Afternoon
975;15/01/2023;Aalopuri;Fastfood;20;1;20;Cash;Mr.;Midnight
976;17/04/2022;Sugarcane juice;Beverages;25;11;275;;Mrs.;Morning
977;05/01/2023;Aalopuri;Fastfood;20;1;20;Cash;Mr.;Evening
978;08/10/2022;Frankie;Fastfood;50;2;100;Online;Mr.;Night
979;21/05/2022;Aalopuri;Fastfood;20;13;260;Cash;Mrs.;Midnight
980;20/06/2022;Vadapav;Fastfood;20;9;180;Online;Mr.;Morning
981;22/01/2023;Panipuri;Fastfood;20;15;300;Online;Mr.;Midnight
982;30/03/2023;Sugarcane juice;Beverages;25;14;350;Cash;Mrs.;Night
983;17/03/2023;Cold coffee;Beverages;40;10;400;;Mrs.;Night
984;07/01/2023;Frankie;Fastfood;50;3;150;Cash;Mr.;Afternoon
985;14/06/2022;Frankie;Fastfood;50;1;50;Cash;Mrs.;Afternoon
986;30/04/2022;Sugarcane juice;Beverages;25;13;325;Online;Mr.;Night
987;04/01/2023;Vadapav;Fastfood;20;3;60;Cash;Mrs.;Evening
988;03/01/2023;Frankie;Fastfood;50;13;650;;Mrs.;Night
989;11/10/2022;Cold coffee;Beverages;40;13;520;Cash;Mr.;Afternoon
990;24/11/2022;Vadapav;Fastfood;20;10;200;Online;Mrs.;Morning
991;18/01/2023;Sandwich;Fastfood;60;7;420;Cash;Mrs.;Night
992;21/10/2022;Sandwich;Fastfood;60;5;300;Cash;Mr.;Morning
993;17/07/2022;Frankie;Fastfood;50;3;150;Online;Mrs.;Night
994;01/11/2022;Panipuri;Fastfood;20;2;40;Online;Mrs.;Evening
995;18/06/2022;Sugarcane juice;Beverages;25;1;25;Online;Mr.;Night
996;19/03/2023;Frankie;Fastfood;50;10;500;;Mrs.;Evening
997;20/09/2022;Sandwich;Fastfood;60;7;420;;Mr.;Evening
998;26/01/2023;Sandwich;Fastfood;60;13;780;;Mr.;Evening
999;27/08/2022;Panipuri;Fastfood;20;5;100;;Mrs.;Afternoon
1000;29/05/2022;Aalopuri;Fastfood;20;3;60;Online;Mrs.;Midnight
